id,name,email,phone,cpf,birth_date,relationship_type,notes,created_at,updated_at
445,Ravi Shankar Batista de Rezende,,‪+55 61 996 149 286‬,102.944.821-30,2019-07-30,person,"#### CPF
![[CPF Ravi .jpg]]


#### CERTIDÃO
![[Certidao Ravi .JPG]]
#### SUS
![[RAVI SHANKAR BATISTA DE REZENDE.pdf]]",2026-05-27T12:16:24.551583,2026-06-03T01:53:47.784155+00:00
446,Liz Onatah Batista de Rezende,,+55 61 998 485 917,104.977.931-21,2017-09-10,person,"#### CPF
![[CPF Liz .jpg]]

#### CERTIDÃO
![[Certidão Liz.JPG]]

#### SUS
![[LIZ ONATAH BATISTA DE REZENDE.pdf]]",2026-05-27T12:16:24.553131,2026-06-03T01:53:47.759027+00:00
447,Mallu Yaohu Batista de Rezende,,+55 61 999 023 781,104.978.231-36,2015-08-13,person,"#### CPF
![[CPF Mallu.jpg]]

#### CERTIDÃO
![[Certidão mallu.JPG]]
#### SUS
![[MALLU YAOHU BATISTA DE REZENDE.pdf]]",2026-05-27T12:16:24.553853,2026-06-03T01:53:47.767503+00:00
448,Tamara Braga Silva Costa,tamssbraga@gmail.com,+55 19 99883-7282,118.293.777-28,1994-04-30,person,,2026-05-27T12:16:24.554662,2026-06-03T01:53:47.804089+00:00
449,Luan Raffi Braga de Rezende,,,,2024-12-18,person,,2026-05-27T12:16:24.555214,2026-06-03T01:53:47.761622+00:00
450,Paulo Fábio de Rezende Junior,pfrezendehs@icloud.com,+55 12 920 011 084,168.029.537-30,1997-08-22,person,"## DOCS

#### CERTIDÃO
![[Certidao PF .jpg]]


#### CPF
![[CPF - PF 2024.pdf]]


#### RG 
![[IMG_9608 2.pdf]]



#### CTPS
![[CTPS_16802953730_2024-12-09T16-2.pdf]]


#### RESERVISTA
![[Certificado de reservista.pdf]]


#### PÓS-GRADUAÇÃO
![[paulo-fabio-de-rezende-junior-pos-graduacao-em-sexologia_.pdf]]


 

#### SUS
![[PAULO FABIO DE REZENDE JUNIOR.pdf]]",2026-05-27T12:16:24.555999,2026-06-03T01:53:47.775227+00:00
