id,timestamp,agent_id,action,input_data,output_data,duration_ms,status,error_message,context
bfe7eb4fe40149678452ea9070bce9e3,2026-05-22 21:00:04,report-generator,weekly_review,"{""data"": null, ""extra"": null}","{""report"": ""# Weekly Review \u2014 Week 21, 2026\n\n## \ud83d\udcc8 Week Summary\n- **Tasks completed**: 5 / 10 (50.0%)\n- **Habits tracked**: 5\n- **Anomalies**: 4\n\n## \ud83d\udcaa Habit Performance\n- \u274c **Morning deep work block** \u2014 0.0% | streak: 12 days\n  - _\u26a0\ufe0f  'Morning deep work block' not done at all \u2014 schedule a specific slot_\n- \u274c **Read technical articles** \u2014 0.0% | streak: 8 days\n  - _\u26a0\ufe0f  'Read technical articles' not done at all \u2014 schedule a specific slot_\n- \u274c **Exercise** \u2014 0.0% | streak: 5 days\n  - _\u26a0\ufe0f  'Exercise' not done at all \u2014 schedule a specific slot_\n- \u274c **Review and reflect** \u2014 0.0% | streak: 4 days\n  - _\u26a0\ufe0f  'Review and reflect' not done at all \u2014 schedule a specific slot_\n- \u274c **Side project work** \u2014 0.0% | streak: 3 days\n  - _\u26a0\ufe0f  'Side project work' not done at all \u2014 schedule a specific slot_\n\n## \ud83c\udfaf Next Week Priorities\n- [ ] \ud83d\udfe1 Check email sent by tams about the NEDS related projects\n- [ ] \ud83d\udfe1 Send email about the NEDS related projects !!\n- [ ] \ud83d\udfe1 Create pdf for Neds project\n- [ ] \ud83d\udfe1 Pick up the laundry !!\n- [ ] \ud83d\udfe1 write and send email about the NEDS project !!\n\n---\n_Generated: 2026-05-22 18:00_""}",13,success,,
da9b723f53644f18a47b08a17802e09c,2026-05-25 11:00:13,insight-generator,analyse_habits,"{""data"": {""days"": 7}, ""extra"": null}","{""period_days"": 7, ""habits_analyzed"": 0, ""insights"": [], ""anomalies"": []}",9,success,,
d50f31717dad42d3af254f9b835ddd11,2026-05-26 21:04:25,report-generator,daily_digest,"{""data"": null, ""extra"": null}","{""report"": ""# Daily Digest \u2014 May 26, 2026\n\n## \ud83c\udfaf Today at a Glance\n- **Tasks due today**: 0\n- **Overdue**: 0\n- **Habits at risk**: 0\n- **Anomalies detected**: 0\n\n## \ud83d\udccb Today's Priority Tasks\n_No tasks due today \u2014 you're clear!_\n\n## \ud83d\udcaa Habit Status (Last 7 Days)\n_No habits tracked yet. Add habits to see insights._\n\n## \ud83d\udcca Metrics\n- Overall completion rate: **50.0%**\n- Completed this week: **0** tasks\n- Total tasks tracked: **16**\n\n---\n_Generated: 2026-05-26 18:04 | Next digest: 2026-05-27 08:00_""}",42,success,,
eaf0032c75754b5c9abf37fe39fa6b20,2026-05-26 21:04:25,context-manager,get_context,"{""data"": null, ""extra"": null}","{""profile"": {""id"": ""self_profile_001"", ""name"": ""Paulo"", ""age"": 28, ""timezone"": ""America/Sao_Paulo"", ""work_style"": ""deep_work_preferred"", ""energy_peak_hours"": ""[\""09:00-12:00\"", \""14:00-17:00\""]"", ""communication_preference"": ""written_async"", ""decision_style"": ""data_driven"", ""updated_at"": ""2026-05-26T21:04:08.210020+00:00"", ""core_values"": ""[\""autonomy\"", \""learning\"", \""simplicity\"", \""effectiveness\""]"", ""feedback_preference"": ""direct_constructive"", ""goals_current_year"": ""[\""Build functioning personal AI system\"", \""Improve deep work capacity\"", \""Master multi-agent orchestration\""]"", ""constraints"": ""[\""Limited hours outside day job\"", \""Knowledge accumulation faster than application\""]"", ""created_at"": ""2026-05-06""}, ""habits"": [], ""needs"": [{""id"": ""need_002"", ""category"": ""personal"", ""name"": ""Time clarity"", ""priority"": ""high"", ""status"": ""active"", ""description"": ""Better understanding of where time actually goes"", ""linked_tasks"": null, ""created_at"": ""2026-05-26T21:04:08.219270+00:00""}, {""id"": ""need_003"", ""category"": ""professional"", ""name"": ""Knowledge management"", ""priority"": ""high"", ""status"": ""active"", ""description"": ""Stop knowledge hoarding, build systematic organization"", ""linked_tasks"": null, ""created_at"": ""2026-05-26T21:04:08.219270+00:00""}, {""id"": ""need_004"", ""category"": ""health"", ""name"": ""Consistent routines"", ""priority"": ""medium"", ""status"": ""active"", ""description"": ""Establish and track daily disciplined habits"", ""linked_tasks"": null, ""created_at"": ""2026-05-26T21:04:08.219270+00:00""}], ""recent_interactions"": [{""id"": ""d50f31717dad42d3af254f9b835ddd11"", ""timestamp"": ""2026-05-26 21:04:25"", ""agent_id"": ""report-generator"", ""action"": ""daily_digest"", ""input_data"": ""{\""data\"": null, \""extra\"": null}"", ""output_data"": ""{\""report\"": \""# Daily Digest \\u2014 May 26, 2026\\n\\n## \\ud83c\\udfaf Today at a Glance\\n- **Tasks due today**: 0\\n- **Overdue**: 0\\n- **Habits at risk**: 0\\n- **Anomalies detected**: 0\\n\\n## \\ud83d\\udccb Today's Priority Tasks\\n_No tasks due today \\u2014 you're clear!_\\n\\n## \\ud83d\\udcaa Habit Status (Last 7 Days)\\n_No habits tracked yet. Add habits to see insights._\\n\\n## \\ud83d\\udcca Metrics\\n- Overall completion rate: **50.0%**\\n- Completed this week: **0** tasks\\n- Total tasks tracked: **16**\\n\\n---\\n_Generated: 2026-05-26 18:04 | Next digest: 2026-05-27 08:00_\""}"", ""duration_ms"": 42, ""status"": ""success"", ""error_message"": null, ""context"": null}, {""id"": ""da9b723f53644f18a47b08a17802e09c"", ""timestamp"": ""2026-05-25 11:00:13"", ""agent_id"": ""insight-generator"", ""action"": ""analyse_habits"", ""input_data"": ""{\""data\"": {\""days\"": 7}, \""extra\"": null}"", ""output_data"": ""{\""period_days\"": 7, \""habits_analyzed\"": 0, \""insights\"": [], \""anomalies\"": []}"", ""duration_ms"": 9, ""status"": ""success"", ""error_message"": null, ""context"": null}, {""id"": ""bfe7eb4fe40149678452ea9070bce9e3"", ""timestamp"": ""2026-05-22 21:00:04"", ""agent_id"": ""report-generator"", ""action"": ""weekly_review"", ""input_data"": ""{\""data\"": null, \""extra\"": null}"", ""output_data"": ""{\""report\"": \""# Weekly Review \\u2014 Week 21, 2026\\n\\n## \\ud83d\\udcc8 Week Summary\\n- **Tasks completed**: 5 / 10 (50.0%)\\n- **Habits tracked**: 5\\n- **Anomalies**: 4\\n\\n## \\ud83d\\udcaa Habit Performance\\n- \\u274c **Morning deep work block** \\u2014 0.0% | streak: 12 days\\n  - _\\u26a0\\ufe0f  'Morning deep work block' not done at all \\u2014 schedule a specific slot_\\n- \\u274c **Read technical articles** \\u2014 0.0% | streak: 8 days\\n  - _\\u26a0\\ufe0f  'Read technical articles' not done at all \\u2014 schedule a specific slot_\\n- \\u274c **Exercise** \\u2014 0.0% | streak: 5 days\\n  - _\\u26a0\\ufe0f  'Exercise' not done at all \\u2014 schedule a specific slot_\\n- \\u274c **Review and reflect** \\u2014 0.0% | streak: 4 days\\n  - _\\u26a0\\ufe0f  'Review and reflect' not done at all \\u2014 schedule a specific slot_\\n- \\u274c **Side project work** \\u2014 0.0% | streak: 3 days\\n  - _\\u26a0\\ufe0f  'Side project work' not done at all \\u2014 schedule a specific slot_\\n\\n## \\ud83c\\udfaf Next Week Priorities\\n- [ ] \\ud83d\\udfe1 Check email sent by tams about the NEDS related projects\\n- [ ] \\ud83d\\udfe1 Send email about the NEDS related projects !!\\n- [ ] \\ud83d\\udfe1 Create pdf for Neds project\\n- [ ] \\ud83d\\udfe1 Pick up the laundry !!\\n- [ ] \\ud83d\\udfe1 write and send email about the NEDS project !!\\n\\n---\\n_Generated: 2026-05-22 18:00_\""}"", ""duration_ms"": 13, ""status"": ""success"", ""error_message"": null, ""context"": null}], ""mcp_facts"": {}, ""generated_at"": ""2026-05-26T18:04:25.411928""}",108,success,,
2718ca79231c485b9b057d7fa7c0e250,2026-05-26 21:04:39,task-coordinator,create_task,"{""data"": {""title"": ""Test monitoring task"", ""priority"": ""normal"", ""category"": ""testing""}, ""extra"": null}","{""task_id"": ""task_43056cc2""}",66,success,,
f3cfcb4d82a54b128109bdfb06b1a760,2026-05-27 11:00:24,insight-generator,analyse_habits,"{""data"": {""days"": 7}, ""extra"": null}","{""period_days"": 7, ""habits_analyzed"": 0, ""insights"": [], ""anomalies"": []}",30,success,,
837ba1f6c97e461a8e01f0283e4dbebf,2026-05-28 11:00:06,insight-generator,analyse_habits,"{""data"": {""days"": 7}, ""extra"": null}","{""period_days"": 7, ""habits_analyzed"": 0, ""insights"": [], ""anomalies"": []}",14,success,,
961ae11bb4c8425c9118b0b5cf015f6d,2026-05-29 11:00:29,insight-generator,analyse_habits,"{""data"": {""days"": 7}, ""extra"": null}","{""period_days"": 7, ""habits_analyzed"": 0, ""insights"": [], ""anomalies"": []}",9,success,,
dfd65619ab834a0b816b0eee81f5a54f,2026-05-29 21:00:12,report-generator,weekly_review,"{""data"": null, ""extra"": null}","{""report"": ""# Weekly Review \u2014 Week 22, 2026\n\n## \ud83d\udcc8 Week Summary\n- **Tasks completed**: 23 / 33 (69.7%)\n- **Habits tracked**: 0\n- **Anomalies**: 0\n\n## \ud83d\udcaa Habit Performance\n\n## \ud83c\udfaf Next Week Priorities\n- [ ] \ud83d\udfe1 Comprar pregador\n- [ ] \ud83d\udfe1 Lavar panos de ch\u00e3o\n- [ ] \ud83d\udfe1 Comprar saco de lixo\n- [ ] \ud83d\udfe1 Look the diversematch LP copy for tams\n- [ ] \ud83d\udfe1 Estender roupa\n\n---\n_Generated: 2026-05-29 18:00_""}",37,success,,
fff169bbfb7d4ac4ac6399c052329da5,2026-05-30 11:00:07,insight-generator,analyse_habits,"{""data"": {""days"": 7}, ""extra"": null}","{""period_days"": 7, ""habits_analyzed"": 4, ""insights"": [{""habit"": ""Planejar Pr\u00f3ximo Dia"", ""category"": ""produtividade"", ""streak"": 0, ""period_completions"": 1, ""completion_pct"": 14.3, ""rating"": ""poor"", ""recommendation"": ""Try stacking 'Planejar Pr\u00f3ximo Dia' onto an existing routine""}, {""habit"": ""Candidaturas Di\u00e1rias"", ""category"": ""carreira"", ""streak"": 0, ""period_completions"": 1, ""completion_pct"": 14.3, ""rating"": ""poor"", ""recommendation"": ""Try stacking 'Candidaturas Di\u00e1rias' onto an existing routine""}, {""habit"": ""Di\u00e1rio Pessoal"", ""category"": ""bem-estar"", ""streak"": 3, ""period_completions"": 2, ""completion_pct"": 28.6, ""rating"": ""poor"", ""recommendation"": ""Try stacking 'Di\u00e1rio Pessoal' onto an existing routine""}, {""habit"": ""Leitura (30min)"", ""category"": ""aprendizado"", ""streak"": 0, ""period_completions"": 0, ""completion_pct"": 0.0, ""rating"": ""poor"", ""recommendation"": ""\u26a0\ufe0f  'Leitura (30min)' not done at all \u2014 schedule a specific slot""}], ""anomalies"": []}",9,success,,
iact-insight-generato-1780225228-b593,2026-05-31 11:00:28,insight-generator,analyse_habits,"{""data"": {""days"": 7}, ""extra"": null}","{""period_days"": 7, ""habits_analyzed"": 4, ""insights"": [{""habit"": ""Planejar Pr\u00f3ximo Dia"", ""category"": ""produtividade"", ""streak"": 0, ""period_completions"": 0, ""completion_pct"": 0.0, ""rating"": ""poor"", ""recommendation"": ""\u26a0\ufe0f  'Planejar Pr\u00f3ximo Dia' not done at all \u2014 schedule a specific slot""}, {""habit"": ""Candidaturas Di\u00e1rias"", ""category"": ""carreira"", ""streak"": 0, ""period_completions"": 0, ""completion_pct"": 0.0, ""rating"": ""poor"", ""recommendation"": ""\u26a0\ufe0f  'Candidaturas Di\u00e1rias' not done at all \u2014 schedule a specific slot""}, {""habit"": ""Di\u00e1rio Pessoal"", ""category"": ""bem-estar"", ""streak"": 3, ""period_completions"": 0, ""completion_pct"": 0.0, ""rating"": ""poor"", ""recommendation"": ""\u26a0\ufe0f  'Di\u00e1rio Pessoal' not done at all \u2014 schedule a specific slot""}, {""habit"": ""Leitura (30min)"", ""category"": ""aprendizado"", ""streak"": 0, ""period_completions"": 0, ""completion_pct"": 0.0, ""rating"": ""poor"", ""recommendation"": ""\u26a0\ufe0f  'Leitura (30min)' not done at all \u2014 schedule a specific slot""}], ""anomalies"": []}",16,success,,
iact-insight-generato-1780311624-b37c,2026-06-01 11:00:24,insight-generator,analyse_habits,"{""data"": {""days"": 7}, ""extra"": null}","{""period_days"": 7, ""habits_analyzed"": 4, ""insights"": [{""habit"": ""Planejar Pr\u00f3ximo Dia"", ""category"": ""produtividade"", ""streak"": 0, ""period_completions"": 0, ""completion_pct"": 0.0, ""rating"": ""poor"", ""recommendation"": ""\u26a0\ufe0f  'Planejar Pr\u00f3ximo Dia' not done at all \u2014 schedule a specific slot""}, {""habit"": ""Candidaturas Di\u00e1rias"", ""category"": ""carreira"", ""streak"": 0, ""period_completions"": 0, ""completion_pct"": 0.0, ""rating"": ""poor"", ""recommendation"": ""\u26a0\ufe0f  'Candidaturas Di\u00e1rias' not done at all \u2014 schedule a specific slot""}, {""habit"": ""Di\u00e1rio Pessoal"", ""category"": ""bem-estar"", ""streak"": 3, ""period_completions"": 0, ""completion_pct"": 0.0, ""rating"": ""poor"", ""recommendation"": ""\u26a0\ufe0f  'Di\u00e1rio Pessoal' not done at all \u2014 schedule a specific slot""}, {""habit"": ""Leitura (30min)"", ""category"": ""aprendizado"", ""streak"": 0, ""period_completions"": 0, ""completion_pct"": 0.0, ""rating"": ""poor"", ""recommendation"": ""\u26a0\ufe0f  'Leitura (30min)' not done at all \u2014 schedule a specific slot""}], ""anomalies"": []}",6,success,,
iact-insight-generato-1780398014-2598,2026-06-02 11:00:14,insight-generator,analyse_habits,"{""data"": {""days"": 7}, ""extra"": null}","{""period_days"": 7, ""habits_analyzed"": 4, ""insights"": [{""habit"": ""Planejar Pr\u00f3ximo Dia"", ""category"": ""produtividade"", ""streak"": 0, ""period_completions"": 1, ""completion_pct"": 14.3, ""rating"": ""poor"", ""recommendation"": ""Try stacking 'Planejar Pr\u00f3ximo Dia' onto an existing routine""}, {""habit"": ""Candidaturas Di\u00e1rias"", ""category"": ""carreira"", ""streak"": 0, ""period_completions"": 1, ""completion_pct"": 14.3, ""rating"": ""poor"", ""recommendation"": ""Try stacking 'Candidaturas Di\u00e1rias' onto an existing routine""}, {""habit"": ""Di\u00e1rio Pessoal"", ""category"": ""bem-estar"", ""streak"": 3, ""period_completions"": 1, ""completion_pct"": 14.3, ""rating"": ""poor"", ""recommendation"": ""Try stacking 'Di\u00e1rio Pessoal' onto an existing routine""}, {""habit"": ""Leitura (30min)"", ""category"": ""aprendizado"", ""streak"": 0, ""period_completions"": 1, ""completion_pct"": 14.3, ""rating"": ""poor"", ""recommendation"": ""Try stacking 'Leitura (30min)' onto an existing routine""}], ""anomalies"": []}",21,success,,
iact-insight-generato-1780570807-2418,2026-06-04 11:00:07,insight-generator,analyse_habits,"{""data"": {""days"": 7}, ""extra"": null}",,32,error,database disk image is malformed,
iact-report-generator-1780693214-f41f,2026-06-05 21:00:14,report-generator,weekly_review,"{""data"": null, ""extra"": null}",,12,error,database disk image is malformed,
iact-insight-generato-1780743625-e9fb,2026-06-06 11:00:25,insight-generator,analyse_habits,"{""data"": {""days"": 7}, ""extra"": null}",,8,error,database disk image is malformed,
iact-insight-generato-1780916400-f653,2026-06-08 11:00:00,insight-generator,analyse_habits,"{""data"": {""days"": 7}, ""extra"": null}",,7,error,database disk image is malformed,
iact-insight-generato-1781002812-9dfc,2026-06-09 11:00:12,insight-generator,analyse_habits,"{""data"": {""days"": 7}, ""extra"": null}",,76,error,database disk image is malformed,
iact-insight-generato-1781089201-7a8b,2026-06-10 11:00:01,insight-generator,analyse_habits,"{""data"": {""days"": 7}, ""extra"": null}",,31,error,database disk image is malformed,
iact-insight-generato-1781175619-ee85,2026-06-11 11:00:19,insight-generator,analyse_habits,"{""data"": {""days"": 7}, ""extra"": null}",,60,error,database disk image is malformed,
